ORF PROT,SC,SM,YPD
YAL009W,1.01084178518,0.992601278515,1.03150326776
YAL011W,1.01530047148,0.988674320622,0.996259733251
YAL013W,0.935823653332,0.810549670953,0.809119261432
YAL015C,0.994060940288,1.00071551878,1.00436569288
YAL019W,0.927168860016,0.98147650313,0.95794528738
YAL039C,0.981929213885,0.816914167302,0.799578103396
YAL040C,0.871421122158,0.902350473852,0.916483577798
YAL046C,0.905750302443,0.76699160414,1.01947593762
YAL053W,0.961853221374,0.972290717298,1.00053272659
YAL054C,1.0256185125,0.998323113904,1.00181978287
YAL055W,0.992106289421,0.935303571015,0.966642964182
YAL059W,0.92856536938,0.949037195202,0.890213053201
YAR002W,0.890889490123,0.995415110576,0.851849708957
YAR035W,0.990503849703,0.986846563208,1.02386771529
YAR042W,0.912597645085,0.954901252107,0.980985472802
YBL003C,0.965659065873,0.935074727955,0.899593627953
YBL005W,0.962861598869,0.968891683892,1.00229889224
YBL006C,0.893088962007,0.701153634328,0.970618907505
YBL007C,0.7634751993735,0.639541935481,0.763468151332
YBL008W,0.812942421683,0.827174357923,0.825087358332
YBL010C,0.923182968045,0.948214674278,1.00329677546
YBL011W,0.919265445918,0.946122136738,0.604042045532
YBL016W,0.987627655492,1.03338381435,0.993652606642
YBL019W,0.978463533607,1.00816237517,1.05347128793
YBL024W,0.906645101835,0.874643329542,1.05659204641
YBL039C,0.93765273166,0.9457224306055,0.8347382694785
YBL047C,0.836356328258,0.72310094743,0.950222821142
YBL051C,0.802119461186,0.788614821967,0.896803984055
YBL054W,0.991197687278,1.04573184382,0.998179244074
YBL055C,0.933123412665,0.945980780522,0.842643405542
YBL056W,0.94307011626,0.94616381109,0.969256320299
YBL057C,0.968763008321,0.98718688785,1.0139294102
YBL063W,0.96703032843,0.949999582826,0.992836695393
YBL066C,0.955058592423,0.948798719685,1.00179999043
YBL067C,1.02041391152,1.0559188709,1.02390491786
YBL080C,0.8574712526455,0.763669799343,0.7651364209055
YBL088C,0.956982623752,0.998471902251,0.927938940162
YBR033W,1.02417462549,1.03661306141,1.01493187305
YBR034C,0.774055237091,0.752350128415,0.966902845069
YBR057C,0.960687268644,0.952494441689,1.00673150868
YBR058C,0.752033646286,0.812441078021,0.922751437832
YBR059C,1.05446426729,1.03195064866,1.03408961426
YBR073W,1.02296324448,0.995791439563,1.05567941845
YBR082C,0.724967719629,0.761532457862,0.92852774915
YBR083W,1.03484337276,0.995165684809,1.02515875306
YBR095C,1.07984943457,1.01166127264,0.811896323897
YBR098W,0.9134276105785,0.9043942850095,0.930385515258
YBR103W,0.890678816495,0.916032052054,0.937778602731
YBR107C,0.851187417121,0.817065126021,0.933140280093
YBR125C,1.00018663704,1.02155045517,1.02509718658
YBR141C,0.926249685651,0.955686568628,0.940625915379
YBR150C,1.01140805946,1.00768677352,0.953057465663
YBR165W,0.966537462599,1.01529830746,0.986460153823
YBR182C,0.921695562681,0.922432913902,1.05816319839
YBR186W,0.906009915233,0.951004837504,1.01544572364
YBR188C,0.983429007269,0.951390045937,0.977241206333
YBR195C,0.967728199595,0.955510649104,0.954036036115
YBR212W,1.10145377926,0.99417273261,1.0059189263
YBR215W,0.808978732905,0.78038427654,0.951031518899
YBR218C,0.963660040393,0.989456481719,0.98449518751
YBR225W,0.952807417828,0.96847471601,0.889339540106
YBR228W,0.828887891514,1.01899875381,0.977727245479
YBR231C,0.858039697845,0.824849369698,0.909190493908
YBR239C,0.943118224849,0.970863326423,1.01930762674
YBR240C,1.0133653052,0.998481940552,1.03710714754
YBR245C,0.927604725171,0.926143114575,1.0194064698
YBR258C,0.838797696481,0.785891256117,1.1126256435
YBR272C,0.89315922698,0.943690654367,1.00229626686
YBR275C,0.964461628161,0.922372495858,1.01419338957
YBR278W,0.938384758132,0.917807750163,0.9125575734
YBR279W,0.87396159863,0.896288748103,0.826736892369
YBR280C,1.00705450328,1.02072077988,0.995591944506
YBR285W,1.04761080661,1.04019539425,1.04304037972
YBR289W,0.729668600554,0.763499366298,0.733329617073
YBR297W,1.00475596141,1.01468415856,1.00883273912
YCL010C,0.847420513012,0.653413124456,0.938718196446
YCL011C,1.00580854922,1.04305610858,1.03104476274
YCL024W,0.992667945006,0.991812557622,1.10348621402
YCL029C,0.947898896276,0.954289697862,0.941078747093
YCL032W,1.06201292923,1.05757554487,1.03995699729
YCL037C,0.978097094132,0.975728450223,1.03612695671
YCL055W,0.864376781506,0.813559759809,1.01015066845
YCL061C,0.900421847388,0.8408153793125,0.798613011885
YCR008W,0.861648229765,0.696035361958,0.948103005646
YCR014C,0.983095370548,1.01754970077,1.09430043732
YCR016W,0.79418148626,0.792686574759,0.927740258548
YCR020C-A,1.01374596818,0.905825515648,1.01088245822
YCR020W-B,0.304421145046,0.386805788902,0.705318281474
YCR033W,0.952560428351,0.978265886227,0.989839233346
YCR065W,0.847986383096,0.857198112547,0.979067750484
YCR066W,0.967310642687,0.988607146162,0.987506925433
YCR073C,0.981487267368,0.990674260035,1.00317825388
YCR077C,0.973833036715,0.983516385776,0.987457303618
YCR086W,0.720772540791,0.854012502378,0.852008952066
YCR091W,0.978869222525,1.02449053037,1.08554415397
YCR092C,1.0329932488,0.978966328601,0.989331166109
YCR095C,0.922792038892,0.849139719865,0.915592945155
YDL002C,0.591175348816,0.687838525385,0.87879338011
YDL006W,0.597165535649,0.553071700353,0.655975175532
YDL013W,0.840958158045,0.917773203035,0.854688601556
YDL019C,1.01982004404,1.00918940695,1.00065282388
YDL020C,0.671319436118,0.664023705619,0.823674905902
YDL042C,1.0492381691,1.0064759885,0.866779303731
YDL048C,1.02244888711,1.00795727448,1.04138073253
YDL051W,1.09475740685,1.07412250013,1.03016971273
YDL056W,0.906530476985,0.884278800942,0.933425950607
YDL059C,1.01004386985,0.945944790191,0.948631773737
YDL070W,0.988210909072,0.928982726042,0.984084452547
YDL074C,0.842901618049,0.752440112761,0.774211841551
YDL076C,1.0744680867,1.09166353707,1.00779942226
YDL079C,1.00056741494,1.01349004823,1.01673522749
YDL080C,1.00653815291,0.987543725009,0.998764009982
YDL088C,0.9574452918,0.941219288809,0.93948917895
YDL091C,0.971201159109,0.993828263778,1.00166993076
YDL101C,0.595180868612,0.280555721313,0.384481201926
YDL106C,0.918795754377,0.73221126871,0.929351211166
YDL122W,0.720520496022,0.809179629258,0.881196678287
YDL127W,0.866165416049,0.804867745775,1.09835892174
YDL134C,1.07736981713,1.05061728665,1.06261193012
YDL135C,1.077127875,1.02886451692,1.2071446403
YDL155W,1.02898399543,0.98338105703,0.965959820135
YDL159W,0.771560147121,0.771889691577,1.02091038766
YDL160C,0.561453517017,0.259582288547,0.489075265789
YDL170W,0.9310050144,0.918259557458,0.961793787225
YDL171C,0.829326615078,0.754664352796,1.0650517559
YDL179W,0.903786948993,0.895763459887,1.04608316969
YDL188C,0.991148630497,1.0244731356,1.04913539418
YDL190C,0.931935818148,0.878955843512,0.9620210513
YDL194W,0.99594577257,0.977223761239,0.994675567037
YDL197C,0.950579620028,0.974092313769,0.997614483561
YDL200C,0.99617445846,0.990783647072,1.02831720912
YDL214C,0.961854459449,1.00000257862,1.02217190958
YDL216C,1.03633240804,1.03206768398,1.04725321496
YDL230W,0.98195614089,0.982619485617,0.990107098675
YDL236W,0.996673528211,0.986123599566,1.01671137418
YDR005C,0.759101559754,0.960069538476,0.86921731746
YDR006C,1.04145100405,1.01176646483,0.965241770065
YDR009W,0.995700759392,0.982888921964,0.986324098521
YDR033W,0.954184441312,0.955780962216,0.986818283636
YDR035W,0.932458835362,0.955605533581,1.00320959967
YDR043C,1.04227201834,0.98569160496,1.00160299108
YDR057W,1.02777287417,1.04016081843,0.998472144484
YDR059C,0.971527000016,0.973621463532,0.995627910376
YDR066C,0.973044925375,0.986473225681,1.0435661035
YDR073W,0.935443303004,0.998011332293,1.01922740017
YDR074W,0.703268539092,0.617120324207,0.817475088638
YDR075W,1.0141378093,0.98385081384,1.01643504735
YDR076W,0.63866819788,0.539564680129,0.9287048356
YDR079C-A,0.838711222697,0.727694335964,0.792417883104
YDR083W,0.694390992839,0.726797624285,0.734601341317
YDR096W,0.939440943307,1.01885560984,0.989678306179
YDR098C,1.03253579609,1.0114817606,1.01564739558
YDR099W,0.951952863904,0.949213739473,0.988967692021
YDR101C,0.753246016122,0.820187515816,0.775715102229
YDR103W,1.04702448701,1.01553167781,1.02246603088
YDR110W,0.969533511261,0.995306845031,0.996728362399
YDR117C,0.798881990307,0.884356666861,0.927671625794
YDR121W,1.00462627373,1.03968583896,0.966306924191
YDR122W,0.960582113715,0.980599808943,1.00128197105
YDR130C,1.04731131564,0.981887262182,1.00584814757
YDR131C,1.00989709957,1.00903007314,1.0165490891
YDR137W,0.807757007443,0.856455744531,1.16366213738
YDR143C,0.970115319123,1.01372771845,1.0002434423
YDR146C,0.964461106395,0.979874231419,1.03503759664
YDR151C,1.02895389313,1.02404798261,1.04940099994
YDR155C,1.01131842965,0.979259137713,0.987723093466
YDR156W,0.7093939856,0.748357646602,0.728874253558
YDR159W,0.5575249975545,0.5239972532025,0.6152894024715
YDR169C,1.04698574982,1.04603913865,1.13884112603
YDR173C,0.979014526185,0.965193864674,1.00187567623
YDR174W,0.543740866537,0.498401388891,0.493355873127
YDR181C,0.951399873092,0.964324103146,0.937415759412
YDR191W,0.97066909427,0.974862900693,0.939619547578
YDR213W,1.03170487849,1.04196941387,0.856640876587
YDR217C,0.908687115581,0.873386039337,1.04629184902
YDR219C,1.00692724219,0.967663128388,0.939184541173
YDR223W,0.987703237174,0.974329113058,1.12928629836
YDR227W,0.945219116397,1.00479029811,0.867304837814
YDR244W,1.02965160943,0.929548496156,0.990935337071
YDR247W,0.999457087754,0.98593861839,0.986456734391
YDR252W,0.984005283003,0.958310293187,0.904625300801
YDR253C,0.9885498041,0.970126940994,0.996113344279
YDR254W,0.79223214409,0.906144367118,0.892927798642
YDR259C,1.00224606156,0.993109697867,0.977325335054
YDR260C,0.711803694748,0.849211361793,0.941270398342
YDR263C,0.98820100008,1.03606150937,0.97134798652
YDR265W,1.06438236775,1.00327644521,1.00532170018
YDR273W,0.958061972333,0.949289074312,0.946706405468
YDR283C,1.02430661089,1.00812008336,1.00637129921
YDR285W,0.988168071553,0.98605218897,0.984031556382
YDR289C,0.867397837117,0.836853988527,0.88704562702
YDR291W,0.987336491188,0.981262193787,1.02796643163
YDR295C,0.858202147179,0.700138522479,0.704440200707
YDR306C,0.973773469317,0.929649329688,0.963106294221
YDR310C,0.994053689323,0.921955608495,1.04753754413
YDR312W,1.00704137814,1.00859567961,0.944523691436
YDR313C,1.03173406936,0.987320288711,1.02940785965
YDR314C,0.982701820286,0.947929720457,1.01659675187
YDR318W,0.74180926833,0.7574648840825,0.7511959267495
YDR320C,0.649865826494,0.537284634355,0.890526958678
YDR330W,0.998060184361,1.00216228186,1.00428129894
YDR332W,0.990093873069,0.965484577167,1.0046860631
YDR334W,1.00462980061,0.974352698225,0.925718795931
YDR335W,0.934267105444,0.88913838527,0.849728195014
YDR358W,0.964197325016,0.97083714533,0.995944500485
YDR363W-A,0.5456036863,0.635316975458,0.820202667928
YDR370C,1.03040220871,0.968498262912,1.00450699037
YDR375C,0.943804315246,0.932841398276,0.824435198017
YDR378C,0.438618483364,0.576621897197,0.686375812587
YDR383C,0.948090182778,0.98294678098,0.965368704193
YDR386W,0.934044228907,0.92250764867,0.950700334983
YDR392W,0.725228420312,0.629554531636,0.736716324297
YDR395W,0.956204370441,0.931066893794,0.947723918378
YDR409W,0.957624234831,1.00846156925,0.999300378159
YDR410C,0.974331476538,1.02543238068,1.03523513696
YDR419W,1.01805039259,1.04088422001,1.01157626575
YDR421W,0.942729872941,0.958035306615,0.983912247047
YDR422C,0.989561092105,0.985404784146,0.992768130434
YDR432W,0.233754034251,0.300854191492,0.50469962625
YDR436W,0.916778679903,0.967886927265,0.963870658177
YDR440W,0.981880569436,0.984749116315,0.993446623098
YDR451C,0.852720661076,0.869741414507,1.02217626712
YDR457W,0.560926519912,0.552358058893,0.763972986235
YDR463W,0.955863319101,1.02855035284,0.955897879803
YDR466W,1.03490530121,1.00199136056,0.985635799633
YDR469W,1.07353733807,0.939444206722,0.959353699097
YDR477W,0.897762040898,0.682613305943,0.955338387379
YDR482C,0.964647408557,0.952631542869,0.962050004023
YDR488C,0.794521026756,0.706289261387,0.916783558261
YDR490C,0.964487111733,0.933912915358,0.960850415057
YDR496C,0.853289750103,0.79820039922,0.848715551937
YDR514C,1.04515020006,0.986097744256,0.926689268196
YDR515W,0.993362831303,0.921523759318,0.990155217583
YDR517W,1.05631653742,1.00215187367,1.01823879883
YDR520C,0.958139037944,0.966874207396,1.07410975877
YEL009C,0.989590084185,0.988979480049,0.994698611449
YEL012W,1.0668132678,1.04144126557,1.02879685835
YEL013W,0.64019643503,0.520984507822,0.961399627984
YEL015W,0.955279899637,0.922820008929,0.966947055078
YEL037C,0.829083836186,0.878223908124,0.956164381744
YEL044W,0.740219969841,0.530895202532,0.802611411136
YEL056W,0.97250194623,0.981518641303,0.993518910611
YEL061C,0.819340921925,0.859019425576,0.920594439818
YEL062W,0.706239550819,0.482920856269,0.976815111733
YER027C,1.02334157447,1.01203779685,1.04635148219
YER028C,0.986659994809,0.949435817876,0.964066205608
YER030W,0.938549531771,0.969225909197,0.971905279047
YER031C,0.920666944846,0.951149373216,1.01436603817
YER045C,1.00811569677,1.03065451407,1.01177951181
YER049W,0.971137572842,0.987701540579,0.973920827083
YER059W,1.03868162416,1.10142331893,0.97689050861
YER063W,1.00727934318,1.04910887182,0.991008352591
YER089C,0.960339592186,0.951643390796,0.989983551974
YER092W,0.699782101582,0.705264827582,0.915906906159
YER098W,1.01480136396,0.982437373442,0.982043812423
YER105C,0.991154705835,0.951257626522,0.990039165089
YER106W,1.0185231633,1.00746902797,0.994691936241
YER110C,0.779229677744,0.705164747439,0.684731577125
YER111C,0.859088612685,0.921356491105,0.968182792649
YER116C,0.776563804181,0.852371831163,0.863490963024
YER120W,0.969644206432,0.998240914051,0.989591048813
YER123W,0.892594063085,0.913643492275,0.925931064473
YER129W,0.961810911276,0.960993678206,1.006989194
YER132C,1.01933513786,1.01730069152,1.00545379789
YER137C,0.989421544763,0.951385966629,0.994620444646
YER142C,1.01263998978,1.02293077252,1.02654603331
YER144C,0.965590703534,0.952296177196,0.933857641461
YER151C,0.751734828856,0.383399678013,0.766152965606
YER161C,0.895833128861,0.845102956368,0.861097697112
YER162C,0.718698919423,0.736447305201,0.974736204875
YER164W,0.851693133156,0.823106358518,0.92600593973
YER167W,0.915431561052,0.952728370016,0.871329723484
YER173W,0.979636831646,0.973155814206,1.02707458032
YER174C,1.00374822754,0.992301364517,1.02549603517
YER179W,0.900760116845,0.877077791328,1.13105108051
YFL001W,0.814895920614,0.835888417748,0.689637292895
YFL007W,1.00726503229,0.957130061573,1.0469784388
YFL013C,0.698161140675,0.669563216217,0.972704935835
YFL014W,0.96882690231,0.830727569731,0.948375801325
YFL033C,1.002883222545,0.960101189466,1.0178295433495
YFL044C,1.02884069167,1.02804376457,1.02608591456
YFL049W,0.978159851121,0.986159834514,1.01491082089
YFL052W,1.01506544532,1.02282779126,1.02727337949
YFR001W,0.320769400752,0.198215348676,0.254230943995
YFR010W,0.961861856178,0.910501383163,0.947678911535
YFR013W,1.01840277352,1.00378520746,0.950810173137
YFR014C,1.0119002144,1.0204959941,1.04106879697
YFR019W,0.934517369942,1.01947680103,1.03949859462
YFR023W,0.965404838217,0.980411360345,0.959733215348
YFR036W,0.48647826479,0.639200331195,0.578049543629
YFR040W,0.809648248785,0.744056607477,0.761518976127
YFR046C,0.846151459837,0.874849454663,0.872727954433
YGL003C,0.792140555981,0.820438161566,0.807821079208
YGL004C,0.984635187736,0.973415056694,0.991218880801
YGL013C,0.960128245657,0.941486402614,0.992790668502
YGL014W,0.854438076778,0.896507502058,0.887647911741
YGL016W,0.961631446193,0.904196579735,0.967523450455
YGL019W,0.752447002274,0.884981473161,0.771733764611
YGL021W,1.04903317032,1.01935622937,0.981298430473
YGL029W,0.75119548606,0.75917321685,0.803925299825
YGL033W,0.9847456327175,0.958307884558,1.01564108288
YGL035C,1.00464810054,1.0483533444,1.04321454329
YGL037C,1.03402905439,0.997503024818,0.989178457903
YGL043W,0.827387682008,0.843090919734,0.806817011729
YGL049C,0.957634748725,0.977447721855,0.980102105668
YGL058W,0.764151260919,0.677049079009,0.607125615582
YGL060W,0.859171215703,0.943821753139,0.962197925451
YGL062W,0.973776275089,0.53620769097,1.0452595813
YGL066W,0.756064050766,0.706817674476,0.740172426466
YGL070C,0.678916620709,0.724146017851,0.739485960911
YGL071W,0.754253016625,0.275120067021,0.893099690992
YGL078C,0.674323107349,0.719402673561,0.654292513204
YGL082W,0.993124699919,0.970164765927,1.05084028073
YGL083W,1.00186060181,1.01364170521,1.06418615177
YGL085W,0.976602573099,0.967382868438,0.993388267659
YGL087C,0.97875964742,0.88625938919,0.0
YGL096W,0.996501776348,1.01713898166,1.02151075485
YGL100W,0.943375587337,0.810121472619,1.02660529511
YGL115W,0.814099586897,0.765806903711,0.835947182552
YGL131C,0.998302284136,1.01632574724,1.00509609724
YGL133W,1.11400073146,1.09105110479,1.06202816975
YGL134W,0.68528465843,0.790735130747,0.946072880964
YGL141W,0.984176115417,0.959728641489,0.995950373046
YGL158W,0.976882052213,0.980836199121,1.00963123419
YGL163C,0.831199261986,0.819936335273,0.819720341712
YGL166W,1.01581847395,1.01759417639,1.00582277573
YGL168W,0.597350544184,0.406275434456,0.701515705915
YGL174W,0.929567852309,0.929076538203,0.935820675198
YGL178W,1.00808134634,1.02164409342,1.06862722294
YGL179C,1.01987632253,1.00356624413,1.06099966159
YGL180W,0.961277245841,0.954664638752,1.01450547084
YGL181W,1.02404539278,0.991074115654,1.00517239699
YGL192W,0.915782640497,0.911731515026,1.06749004107
YGL194C,0.872695757485,0.899525852391,0.957162480556
YGL197W,0.982007129107,0.973008236727,1.04130663409
YGL208W,0.913928901652,0.869870717735,0.98372167819
YGL209W,0.980204552386,0.926458563647,1.0041050652
YGL215W,0.956356044165,0.945132511612,0.934263958801
YGL220W,0.96190510776,0.667468302125,0.741932161168
YGL222C,0.998956589324,1.01619741888,0.982201579462
YGL227W,1.05558037077,1.04643133566,0.956521246102
YGL229C,0.873206662603,0.938543442226,1.08582968704
YGL232W,1.01980792724,1.01794319341,1.03694138785
YGL240W,0.550075891418,0.219030982712,0.274888409314
YGL241W,1.00350961614,0.990055978871,1.04483448375
YGL243W,0.979546323729,0.953655606963,1.04647899245
YGL244W,0.766001421091,0.792614989876,0.773393822605
YGL246C,0.429889800897,0.316683013512,0.305702319439
YGL251C,1.03282401963,1.0076288065,1.1305173764
YGL253W,1.08070824,1.09206303752,0.857712942028
YGL254W,1.0678675039,1.04052250031,1.1110136814
YGL261C,1.01245909476,1.03906223814,1.02462216822
YGR003W,0.986362673592,0.980299839098,0.864434259554
YGR019W,1.04668015953,1.02491371707,1.06429002589
YGR021W,1.02623828839,1.01309430654,0.968327403317
YGR040W,1.01538024563,0.991627670547,1.03015184296
YGR044C,1.02924008971,1.04444473973,1.02643121572
YGR052W,0.977358086696,0.948261737486,1.04219304446
YGR056W,0.792130906708,0.58428030613,0.987038138464
YGR063C,0.688354893354,0.669860047766,0.756723814744
YGR072W,0.954560929766,0.974650633886,0.973146647445
YGR080W,0.952726466204,0.930199699848,1.02384446836
YGR081C,0.660629616091,0.711873867082,0.718003697807
YGR089W,0.967875286301,0.897039087311,1.00167470276
YGR097W,0.99321351954,0.940190009105,0.989088891646
YGR108W,1.02429838328,0.982078185329,0.758277820914
YGR109C,1.03440264643,1.01230946998,0.899502721904
YGR123C,1.0032905966,1.01529307806,1.00026297945
YGR129W,0.993589299932,0.705340367594,1.00148442445
YGR133W,1.00467719091,0.933714537146,0.955713555272
YGR134W,0.834770787406,0.920852068187,0.918722960045
YGR135W,0.598189207282,0.688596777919,0.791730962229
YGR161C,1.00087811599,1.01147251711,1.01270349364
YGR173W,0.978634911214,0.981220403618,1.02557906134
YGR178C,1.01668162172,0.978833096105,1.00896999256
YGR184C,1.00656167985,0.936582129597,1.01300789483
YGR200C,0.721351714936,0.679740218772,0.814904399958
YGR225W,1.003112096614,1.00386852619,1.02272697462
YGR229C,0.713737629933,0.740531595846,0.76895071739
YGR232W,0.986207840062,1.01219881981,0.971294570305
YGR233C,0.988111456566,0.957367805919,0.989543575203
YGR234W,0.974901624735,0.976419402933,0.946057306011
YGR247W,0.98695904536,0.981893966952,0.955115157453
YGR249W,0.985119043904,0.899898887914,1.00799103904
YGR250C,1.01237130173,0.980752350662,0.952409353902
YGR252W,0.558294219086,0.191870400504,0.443065984788
YGR270W,0.790117942204,0.825337695057,0.932249492842
YGR271C-A,0.35911814517,0.189520140961,0.267749595269
YGR275W,0.996697277984,0.942589591749,1.01615978237
YGR276C,1.01066848048,1.04056592151,1.0168186184
YGR283C,0.913897117057,0.929600830072,0.944833051869
YGR288W,0.976545295519,0.969738938205,1.03691097299
YHL006C,0.809619825245,0.839567123127,0.959002935116
YHL020C,0.950448464186,0.925005250197,0.892424502247
YHL022C,0.725626100957,0.699509052491,0.894555418624
YHL024W,1.0495283167,1.00168675053,1.05519491782
YHL029C,0.788195187605,0.813866531045,0.957196009158
YHR003C,0.943683400884,0.942671135559,1.01830375184
YHR004C,0.883107211287,0.922031477411,0.911097058198
YHR014W,0.945028785714,0.978947773978,1.0379714634
YHR015W,0.924085097154,0.91049511492,1.05058241645
YHR030C,0.963668728369,0.744511097391,0.811563909596
YHR031C,0.922876250679,0.909360157555,0.91373087481
YHR033W,0.997482705344,0.961799808779,0.995793871213
YHR034C,0.676488652345,0.750772900281,0.759573332446
YHR071W,0.993402198523,0.950318362147,1.00845695274
YHR076W,0.877916704072,0.755262748868,0.974514603038
YHR077C,0.935435538053,0.939511576971,0.927982929453
YHR079C,0.722350813024,0.716658872025,1.0288336039
YHR081W,0.512192022048,0.610311131107,0.731032226071
YHR082C,0.910435883106,0.914419272361,0.975106175196
YHR108W,0.922579249328,1.00476958789,1.10481140227
YHR120W,0.984389599825,0.944846691525,1.04757809314
YHR121W,1.05617277843,1.04775766954,1.02802694074
YHR124W,0.84064921094,0.820383703632,1.0001557703
YHR134W,0.870238005001,0.8096950738,0.863665900392
YHR135C,0.964541554528,0.989160704448,1.02389840975
YHR143W,1.00755088445,1.01866419293,1.04971635832
YHR146W,0.996717289409,1.00007087846,0.979483834049
YHR152W,0.944478151983,0.956614592052,1.05027276507
YHR154W,0.852354005939,0.886213229966,0.977964399446
YHR156C,0.920623229823,0.957559451301,1.02961391094
YHR157W,0.971014326671,0.995011319308,1.00396708736
YHR167W,0.700143775144,0.751335571996,0.890944305259
YHR191C,0.478427237608,0.552082706358,0.719084377146
YHR193C,0.8245188586,0.920394190422,0.769077039879
YHR195W,1.02516323605,0.953077407365,1.02527419616
YHR200W,0.641519340384,0.78980283616,0.780891126031
YHR202W,0.932824562035,0.967577993037,1.01655365294
YHR206W,0.933331064762,0.899918939482,0.946316409883
YIL001W,0.959320160937,0.941033591445,0.952389629691
YIL008W,0.718501655549,0.673564622399,0.739044780341
YIL009C-A,0.767636508502,0.827268303617,0.785882188396
YIL010W,1.05306781718,0.996841813734,1.00499543896
YIL016W,1.00616162245,1.00721322955,1.03926488379
YIL017C,0.881572336575,0.877084933493,1.03053964121
YIL035C,1.00912138304,0.997016573226,1.03655831785
YIL036W,0.77489674021,0.842137066845,0.986876741586
YIL038C,0.752542665569,0.776095331303,0.983077148764
YIL040W,0.673601201371,0.706552122911,0.86873267096
YIL056W,0.990203428774,0.95675517524,1.0498804726
YIL071C,1.03792443426,1.01598348426,1.0333681857
YIL072W,1.01789625567,0.997167324119,1.01871357586
YIL073C,0.891908183086,0.830975107796,0.995651923328
YIL079C,0.991433082964,0.952884562119,1.00543495886
YIL084C,1.03269686383,1.05937841616,0.955187219338
YIL095W,0.981867391755,0.963198010549,0.982062061254
YIL101C,0.940078128735,0.873465858201,1.01917715728
YIL112W,0.980200319299,0.948647746977,0.967061007298
YIL113W,1.00321244323,0.96283778015,0.99338480628
YIL117C,0.959570131473,0.925902657596,0.978425367014
YIL119C,0.937328433464,0.912042789608,0.998069040828
YIL122W,0.947537679613,0.960748974245,1.01818902473
YIL123W,0.97799965645,0.937151919099,1.03348498735
YIL127C,0.916179345485,0.93082827013,0.933057199169
YIL130W,1.01185471987,1.00927066427,1.02772103322
YIL131C,1.08222729277,1.08984435671,0.98382496659
YIL132C,0.982904204065,0.944879025052,1.05596232641
YIL149C,1.01923076623,0.978225770436,1.01565647595
YIL153W,0.943151331521,0.892832401566,0.890504653036
YIL156W,1.06674641282,1.03247967746,1.01094912052
YIR001C,1.07292387478,1.03086726203,1.06948217965
YIR002C,0.981802294435,0.961187736178,1.01398562028
YIR005W,0.758735393242,0.807970157139,0.788485589605
YIR013C,0.973445396317,0.981046182414,1.03537982234
YIR018W,1.00348006814,1.00626441027,0.995894311548
YIR025W,0.973501008049,0.995110206253,0.995194121621
YIR026C,0.940382986905,0.740005320103,0.924714811047
YIR033W,0.899059351524,0.978205607789,0.887086586824
YJL013C,1.02443219057,0.935151258598,1.0005439691
YJL043W,0.915269853021,0.957317985322,0.985664069858
YJL048C,0.999042264863,0.968828980286,1.00130862933
YJL049W,0.893867781753,0.896599564169,0.954035974995
YJL057C,0.989343835481,1.01624251088,0.999770079094
YJL058C,0.99684411151,0.976048021824,1.03274945951
YJL065C,1.00794143408,0.983049257709,0.938708101814
YJL080C,0.750834899449,0.726813266464,0.966305686459
YJL089W,1.00183868123,1.01995686455,1.02406257657
YJL098W,1.01521202683,1.01650287609,1.00245665169
YJL105W,1.00537461049,1.00552464776,1.07141338277
YJL106W,0.991862422591,0.970777397786,1.07074397163
YJL110C,0.990844781291,0.934852488171,1.03160097757
YJL115W,0.483793387408,0.543803403301,0.44342118058
YJL124C,0.0,0.304718891216,0.616965182111
YJL128C,0.928521071198,0.926337667758,1.00018425313
YJL141C,0.986719251456,0.970489614912,1.0111858854
YJL157C,0.985546908358,0.988607731539,1.13979440444
YJL210W,1.02335808652,0.906737776087,0.95127386583
YJR014W,0.882620237585,0.886122406978,0.948971773764
YJR030C,0.983308049758,0.930042700111,1.02395200386
YJR031C,0.855149364054,0.820150662487,1.08989377048
YJR036C,0.937825220966,0.919916063522,0.950303734159
YJR043C,0.910258189262,0.892189410936,0.872697327901
YJR050W,0.96209963031,0.965755244364,0.909017103474
YJR059W,1.17092912739,1.10666473665,1.11931697505
YJR060W,0.808912965774,0.494489477993,0.78261730794
YJR063W,0.834393587643,0.834407882181,0.779318427822
YJR066W,1.00656255605,0.937139011107,1.02225848965
YJR069C,0.971064935338,0.950930800261,0.978022534448
YJR073C,0.0,0.320453463564,1.09643532177
YJR082C,0.886896413031,0.923773355748,0.98075002778
YJR084W,1.02772728511,0.957496743296,1.03146389067
YJR091C,0.97537737559,0.938925330173,1.00719550357
YJR094C,1.01407238344,0.962838062282,1.05683716246
YJR096W,1.01706366949,0.984585586315,1.02640993937
YJR099W,0.961954270079,0.875210547868,1.08380552546
YJR119C,0.924118084021,0.969854620779,1.01044802626
YJR140C,0.898671132084,0.882146445564,0.861449324442
YKL002W,0.860221148925,0.744032516917,0.760044109673
YKL005C,1.02668674473,1.01108827435,1.01911352154
YKL009W,0.564476010991,0.524757933204,0.563598530987
YKL010C,1.05476683542,0.960956641234,1.05307315942
YKL015W,1.03257104698,1.0114339466,1.01216554557
YKL017C,1.02126884235,1.04133569546,1.06508365538
YKL020C,1.02487435661,1.03725873912,0.984148182182
YKL027W,0.892589747115,0.9067482721845,0.981253237731
YKL032C,1.02636140369,0.942168969705,0.988743176805
YKL034W,0.979225421063,0.999113201506,1.00573655058
YKL038W,0.0,0.0,0.209956427409
YKL057C,0.7486196746805,0.783468244571,0.7641176597255
YKL067W,0.985932423323,0.977028759435,1.04516253355
YKL068W,1.04027021372,0.974255806279,1.01182592297
YKL072W,0.982227471677,1.03073615708,1.06775473366
YKL074C,0.799381266346,0.824217592805,1.14365737735
YKL086W,0.993865021938,0.978514518767,1.05872760643
YKL090W,0.977779624252,0.93210351223,0.952528146599
YKL091C,1.00433826793,0.963569478965,1.02543492982
YKL101W,0.804760026635,0.954738979945,0.974235445082
YKL109W,1.04750757518,0.984670716967,0.881354161108
YKL110C,0.795822466442,0.678469416953,0.708632085613
YKL113C,0.811229024134,0.807207130832,0.848539447421
YKL114C,0.909525118728,0.904684066389,1.02574231618
YKL116C,0.95900284153,0.968263900682,1.02328629959
YKL126W,0.967153017146,0.984660857765,1.02959390945
YKL130C,1.05483845436,1.0313120251,0.990781498371
YKL139W,0.21767338807,0.254275565433,0.517584028961
YKL143W,0.413067981907,0.327515113829,0.439194895448
YKL149C,0.841304741013,0.92293954842,0.837783908477
YKL160W,0.945781863805,0.853945144109,1.00089272683
YKL161C,0.996155927574,1.00316181901,1.03930892352
YKL166C,0.982066579567,0.962367429649,1.05867348697
YKL168C,0.92306154909,0.961358456064,1.00595109946
YKL185W,1.00291296067,0.985040193395,1.04228360763
YKL190W,0.965670624294,0.874081233459,1.0198588148
YKL198C,0.994641499256,1.042614108685,1.05968584594
YKL205W,0.946252112316,0.944121383019,1.02816601048
YKL206C,0.931555072214,0.965847944251,0.9920493724
YKL213C,0.766717530251,0.720455038084,0.909121106551
YKL214C,1.01792308284,0.982753770776,1.0020142114
YKL222C,0.989735860024,0.976408755729,1.00152750851
YKR001C,1.04008756165,0.998002637153,1.0051115558
YKR021W,0.992271738167,0.956303653087,0.975735853503
YKR023W,0.941249069048,0.899304474001,0.993908770129
YKR028W,0.965213131249,0.853566303671,1.05166502332
YKR029C,0.885766216983,0.923732383095,0.96978940266
YKR034W,1.05945014998,1.01613526042,0.978631265887
YKR036C,0.79090203303,0.804106396073,1.02430340268
YKR039W,1.01976639885,1.02520697321,0.986105024275
YKR054C,0.7874350931045,0.737760474899,0.8871208969485
YKR060W,0.929714594632,0.927092632092,0.914244765248
YKR067W,1.00274103135,0.948330325264,1.00257436267
YKR072C,1.14821296922,0.965632126023,0.868833876086
YKR082W,0.622118045712,0.66668423934,0.514109750013
YKR091W,0.990367623432,1.007024908185,1.034423691355
YKR098C,1.01128870477,0.983762448655,0.990659549663
YLL010C,0.963196875041,0.96898230433,1.01861748812
YLL013C,1.03476852029,1.03391970439,1.00808402812
YLL019C,0.842551317978,0.814646211598,0.95987076259
YLL032C,0.992071362227,1.00521537294,1.00141264789
YLL040C,0.954710765674,0.953398536457,0.95768456719
YLL042C,0.955059751519,1.00086557826,0.988356879478
YLL048C,0.991254629193,0.960571666494,1.02795431754
YLL054C,0.992638088521,0.958855467872,0.982748452265
YLR006C,0.894088919093,0.848167823903,0.865981184656
YLR013W,0.989735979646,1.02104963308,1.00039489488
YLR014C,1.03088055706,0.933488626334,0.985314849948
YLR015W,0.953620221212,0.906257685738,0.974645313743
YLR016C,0.988186493665,0.987283851656,0.995580103595
YLR018C,0.923996524025,0.971710851249,0.965278809725
YLR019W,0.978340660975,0.945165311205,1.00785245784
YLR025W,0.888715200989,0.730518298465,0.850383970169
YLR035C,0.985682787058,1.02626648823,1.01081835432
YLR043C,0.978264385073,0.992006811663,0.997735819611
YLR052W,1.00872316095,1.00909931323,1.02703964539
YLR055C,0.899274681012,0.857398363734,0.85682903941
YLR059C,0.969988396636,0.992728978744,1.00579129892
YLR074C,0.393587136842,0.346088477767,0.440301618281
YLR085C,0.924704906684,0.946753228454,0.965282297665
YLR094C,1.02413570754,1.01953654934,1.03857067714
YLR095C,0.991927897579,1.01960150674,1.06500622182
YLR096W,0.913418823374,0.961942108898,0.995503997122
YLR097C,1.00221789301,0.997667055128,0.992182856028
YLR098C,0.972118815448,0.917089404896,0.922576405376
YLR102C,0.792309722665,0.90418383549,0.986798867506
YLR107W,1.03793754679,1.02746555213,1.0183045541
YLR113W,0.838407182855,0.89884025655,1.00269175417
YLR119W,0.917874329646,0.857003814229,1.00598607275
YLR120C,0.998190466359,0.985840072977,0.987181541693
YLR128W,0.978254143648,0.96743893217,1.01350825307
YLR131C,0.933320315973,1.16318403824,1.00580752102
YLR133W,0.95950765443,0.916225900956,0.989772934131
YLR135W,0.938061855818,0.980296254346,0.982048968401
YLR142W,1.11121786765,1.03915777565,0.945370199581
YLR143W,0.819557751523,0.863920916353,0.909071297837
YLR176C,0.981450205315,0.985250372678,1.01435054271
YLR180W,0.830116778124,0.855644095034,1.03906011299
YLR192C,0.456451278545,0.496340707317,0.695313803226
YLR199C,0.958837527881,0.955472224396,0.992572654547
YLR210W,1.06856509744,1.05262545738,1.04618687463
YLR219W,1.02937065363,1.00391093451,1.0150625248
YLR221C,0.870293969319,0.881848174327,1.0715982221
YLR224W,1.06965677373,1.04858849542,1.07792965782
YLR228C,0.975845233969,0.94885134834,0.985223556454
YLR233C,0.834864853282,0.843916420433,0.888937149372
YLR234W,0.799935482731,0.750583955013,0.808456655304
YLR248W,0.957750993312,0.943933051663,0.952568493535
YLR253W,1.01198233702,1.01607024314,0.934626345175
YLR262C,0.797497964004,0.839541229473,0.928184110194
YLR265C,1.0087518132,1.01520385791,0.983801505303
YLR266C,1.01836132577,1.03045614478,1.03022960015
YLR270W,0.837079885634,0.747431174023,0.767475480074
YLR271W,0.985269678839,1.05713646085,1.0464618233
YLR273C,0.860423242599,0.912437687893,0.881095289587
YLR278C,0.998382908212,0.941499584439,0.971410174374
YLR296W,0.918400336599,0.875326029096,0.955463837393
YLR306W,0.99891870763,0.96354802536,0.976805580298
YLR309C,1.00184140371,0.978225221363,1.10197165638
YLR315W,0.571026359178,0.718769480424,0.54557951906
YLR318W,0.862764484808,0.891882239194,0.857043232445
YLR320W,0.526937696715,0.571748036239,0.133956712714
YLR335W,0.888717020479,0.937713081278,0.849723498062
YLR352W,0.957604800581,0.99433090271,0.851291755728
YLR361C,0.995835510843,0.986814117144,1.0250522496
YLR362W,1.03218532786,0.972102687842,0.996102287007
YLR363C,0.98855430795,0.942998329428,0.962433471488
YLR368W,0.955290344875,0.886314381496,0.852521027887
YLR375W,1.02747744234,1.00838625933,0.956997787331
YLR381W,0.792365932771,0.84458204856,0.811991347878
YLR382C,0.765787827591,0.821692778766,0.945382435276
YLR384C,0.701944750587,0.688439713586,0.743705551974
YLR385C,0.945579704805,0.920007353139,0.973852380106
YLR387C,0.999088632411,1.01076936759,1.09323052035
YLR389C,1.01775387637,0.960912761866,1.06193361488
YLR394W,0.969160140169,0.971926781382,0.996406814626
YLR398C,0.903680238577,0.899687460617,0.871586803411
YLR401C,1.04454566304,0.988353428126,0.927250211642
YLR425W,0.916258277401,0.939680372946,0.927771038294
YLR427W,0.947541416925,0.945785259481,0.951368676259
YLR429W,0.944731479315,0.914031974886,0.965446241813
YLR433C,1.01958019789,0.996913206917,1.08273019418
YLR436C,0.913554821126,0.866116972439,1.0743372867
YLR438W,1.0184631599,1.02077091369,1.00698412149
YLR442C,0.999551851541,1.01232979989,0.900735888852
YLR451W,0.826822908566,0.539324216378,1.05458292577
YLR453C,0.890513558745,0.728352943697,1.0978080867
YML001W,0.848554576784,0.77406340434,0.966765375234
YML006C,0.895921937907,0.962528491022,0.965661135957
YML011C,0.831766657263,0.815565982346,0.946260451963
YML013W,0.914479516284,0.902574989132,0.981063150211
YML016C,0.83073840144,0.877397253181,1.00159706316
YML027W,1.06017012755,0.996051282877,1.09643156164
YML034W,0.853027602842,0.8938622621315,0.9596186253995
YML036W,0.824295272427,0.93503463961,0.761105756345
YML041C,0.948193476033,0.921143025487,0.919704036086
YML051W,0.966638797574,0.966252853435,0.986777920232
YML058W,0.778131587579,0.821867192011,0.912869760726
YML058W-A,0.963089112911,1.01339196034,0.997371885041
YML061C,0.991602823884,0.921424497147,0.981968314273
YML062C,0.98770849921,1.00305547559,0.969640829551
YML068W,1.01477025991,1.00866522091,1.02846713773
YML070W,0.971860500761,0.978987062317,0.959552032061
YML072C,0.984809631459,0.990046897974,0.983643326261
YML074C,0.995503275687,1.00263389377,1.02530823535
YML075C,1.01460157009,0.989963069658,1.00651089889
YML076C,0.96635484916,1.03085902534,0.997364899161
YML082W,0.98502985928,0.989334159837,1.08682769053
YML088W,0.969076091948,0.957328865363,1.04277224933
YML095C,0.980679572357,0.972880422667,0.956797117689
YML099C,0.964240554591,1.00662074445,1.03344168925
YML101C,1.01434202257,0.99063648676,0.983388605656
YML102W,1.02512535824,0.978424436677,0.821404918544
YML103C,0.766097214648,0.818532788557,0.779254507824
YML107C,0.990517829897,0.862437074262,0.951759767965
YML109W,1.01563092293,0.981930436441,1.01851397732
YML111W,0.915669361058,0.962205262683,1.02168389293
YML113W,1.08339933707,1.05738044645,1.02937160373
YML118W,1.01251585258,1.00926049917,1.01151635242
YML119W,1.03029698096,0.974138357218,0.986912252856
YML121W,0.884650628496,0.784647485071,0.870099758502
YML123C,0.981396598619,0.993905377482,1.00479455385
YML124C,0.967227205375,0.976575017005,0.971874435998
YML128C,0.90151447141,0.895932443102,0.964184508282
YMR012W,1.00125898007,0.984648760026,0.98588136711
YMR014W,0.979967655933,0.984207041306,1.00087950369
YMR016C,1.01486211546,0.982764909817,1.06739618236
YMR019W,0.985516447606,1.01934414931,0.973912474538
YMR021C,0.916993502565,0.892237755186,0.877648214888
YMR022W,0.93542537034,0.923000364513,1.02797312132
YMR025W,0.945293743269,0.923389545892,1.00845056626
YMR026C,1.02363028426,0.991055053812,0.988811032196
YMR037C,0.922919152482,0.885246819638,0.999307249158
YMR039C,0.802952798597,0.88998196991,0.943920520425
YMR042W,0.96752267515,0.96165263366,0.968569987905
YMR044W,0.890727154407,0.931627614393,0.975402963952
YMR048W,0.766199347554,0.781831199871,0.80769220554
YMR055C,1.08385169184,1.08646442737,1.02209731444
YMR065W,1.05337674828,1.06612438925,1.01907961113
YMR067C,1.05090109196,0.900840439878,0.77188140904
YMR069W,0.956746998175,0.985707208303,1.05119452096
YMR070W,0.904397387278,0.95953428162,0.882761018805
YMR072W,0.937970501399,0.840216598763,0.785902142515
YMR075W,0.930002125021,0.817859018206,0.908054286447
YMR078C,0.841658486295,0.712619963316,0.962909573896
YMR080C,0.97892408173,0.952176645069,0.931272813793
YMR100W,1.08560840504,0.941529662499,1.01756731318
YMR104C,0.98539853712,0.983842787119,1.00536599777
YMR106C,0.880449361366,0.981080886358,1.03306156437
YMR119W,0.999738524124,0.984568769842,0.995293829732
YMR125W,0.986130579027,0.979708426145,1.03194605453
YMR127C,0.931464196244,0.952365202501,1.00916449283
YMR129W,0.987942425825,0.982214656352,0.986933594398
YMR133W,1.01445367645,1.00706930093,1.03184119924
YMR137C,1.06738362945,1.04879143096,1.07253945559
YMR139W,1.06067697633,1.03915069355,1.04782743037
YMR145C,0.841941645431,0.897320462088,1.02633980458
YMR153W,0.980100054858,0.972317339966,1.0013515626
YMR156C,1.01231656339,0.9804271594,1.04918155177
YMR164C,0.890402886096,0.875113184288,0.981391831317
YMR167W,0.86335806754,0.879969381876,0.906736189928
YMR172W,0.99035111449,0.861036723889,1.01036365636
YMR173W,0.974319811906,1.00304661145,0.988851366296
YMR177W,0.998011122196,0.949173821096,1.00657000227
YMR179W,0.896210408269,0.846790315942,0.84758340503
YMR182C,1.03721957509,1.02565841553,1.05765781955
YMR186W,0.955308382881,1.01967061957,1.03781015194
YMR190C,0.813852447117,0.888818219497,0.898383412885
YMR199W,0.958115130671,0.966782255192,1.01611567215
YMR202W,0.8164579537555,0.802860144394,0.8552159748695
YMR216C,0.801423712632,0.653455181456,0.973127468585
YMR223W,0.913988756065,0.882712920341,0.949793960806
YMR224C,0.617294006149,0.711359787892,0.782167868854
YMR231W,0.906975958921,0.937140253052,0.950814455039
YMR233W,0.996024293297,0.990232421138,1.03415300008
YMR234W,1.04528535953,1.0522921485,1.07021934705
YMR246W,0.979897021675,0.958311904943,1.063478196
YMR255W,0.964293010376,0.985387384242,0.992302458507
YMR263W,0.957693249008,0.882176433254,0.843998236991
YMR264W,0.94662650308,0.907411200745,0.973503762747
YMR269W,0.689091438567,0.723190401874,0.685571544055
YMR273C,0.970942836319,0.97884839581,1.00155064947
YMR275C,1.00377528523,0.985692640911,0.954474063077
YMR276W,0.921938864775,0.892381977969,0.978776243536
YMR280C,1.042950515,0.968485209128,1.01616205987
YMR285C,1.07093960281,1.00164592057,0.98691863642
YMR294W,0.693677034613,0.678061198372,0.797276920317
YMR302C,0.982134511354,1.01348057489,0.995178749134
YMR304W,1.08087530486,1.06832842625,1.00510312934
YMR306W,1.00583937464,0.977682559983,0.985621881422
YMR310C,0.86878708935,0.904123173154,0.929188138438
YMR315W,0.988369979902,1.00003244298,0.980113827221
YNL004W,0.960700667426,0.932096158304,0.978260747511
YNL008C,1.00675641238,0.978411440603,0.979282897693
YNL009W,0.99043079017,0.954178485661,0.993000107976
YNL020C,0.990153262011,0.982626534323,0.97464241723
YNL021W,0.931475055556,0.840237743663,0.967675490355
YNL023C,1.00456863821,1.02907361326,1.05135775983
YNL027W,0.957242099359,0.913443586559,0.980234725882
YNL032W,0.823427993114,0.772528299223,0.838146987153
YNL049C,1.0073043902,1.00231260256,1.00877662069
YNL053W,0.905417886831,0.9277275896,1.00741056639
YNL056W,0.880851323653,0.85629735225,0.938418167053
YNL059C,0.779834315156,0.576058150833,0.79276254651
YNL068C,0.929925191483,0.90694162302,0.959157581087
YNL082W,0.7863627404819999,0.727768812606,0.739532900155
YNL097C,1.03611348025,0.993988136851,0.854336093817
YNL099C,0.849837214734,0.834805823966,0.907270923403
YNL106C,0.940116075389,0.938479623155,1.04171806857
YNL107W,0.839154406703,0.660690180411,0.866960404523
YNL128W,1.09326943244,1.04501209708,1.08810784344
YNL130C,1.00510801793,1.02294415845,0.997513895454
YNL133C,0.913554572472,0.497254590969,0.661957502952
YNL136W,0.89161070545,0.815945470173,0.782941475813
YNL142W,0.998137443431,0.996428074975,1.03902142711
YNL147W,0.6328772772085,0.718553502084,0.683163821751
YNL154C,0.976231108933,1.01134298193,1.00324401885
YNL159C,1.00183629377,1.00604964197,1.01898994412
YNL167C,1.02628093071,0.991949155164,0.948054426058
YNL175C,0.972075163846,0.982419468918,1.08772314095
YNL183C,0.998002842222,0.667161147491,1.0687857297
YNL201C,1.01093971819,1.03033802888,1.01377656216
YNL204C,0.960530796935,0.956075304568,1.10976103001
YNL206C,0.961707588941,0.913300969215,0.957528200788
YNL215W,0.576647266295,0.605163843771,0.733031790355
YNL224C,0.820896580958,0.857083069248,0.881626427661
YNL227C,0.913040071208,0.906356842555,0.882709957733
YNL230C,0.965834473603,0.937246243231,1.009170413
YNL239W,1.04205453101,0.980306697279,1.06931539186
YNL246W,0.841133360771,0.83858590024,0.94048998812
YNL248C,0.729331345131,0.703511270309,0.746119751626
YNL250W,0.658995503984,0.71936945879,0.772899888755
YNL255C,1.00230610898,1.01063593717,1.00190619987
YNL257C,1.00016854266,0.988279670007,0.976178980749
YNL286W,0.997508693538,1.03126365313,1.00098660661
YNL288W,0.97079702947,0.930623426179,0.946739741588
YNL289W,0.949725362005,0.958981447,1.00794243597
YNL298W,0.803720330876,0.854255207791,0.970791187794
YNL299W,0.898240824789,0.838306476576,1.00608176933
YNL307C,0.918128799013,0.821329453518,1.01221048304
YNL311C,0.914801609007,0.539458520478,0.992261074042
YNL314W,0.949920992369,0.962661995488,0.983247080454
YNL323W,0.623343067008,0.745206964945,0.90016438018
YNL330C,0.986403262246,0.97551024781,0.997067863875
YNR024W,0.940160663944,0.956530962848,0.977868657346
YNR031C,0.985316834075,0.974517761035,1.02420038497
YNR032C-A,1.06290906282,1.0157753996,0.929954606234
YNR032W,0.941930509629,1.02799831449,0.861150560827
YNR034W,0.997715030702,0.994195193508,1.02131373425
YNR051C,0.890542301071,0.742323879688,1.08209952526
YNR063W,0.966409533565,0.983008984913,1.05735619598
YNR074C,0.879694518578,0.911208349329,0.949953032648
YOL004W,0.868772034376,0.815806530105,0.742454277547
YOL012C,0.994955640775,0.947380537237,1.00731207258
YOL013C,1.03074228733,0.961500519055,0.995031397119
YOL016C,0.982628222016,0.986080981155,1.05477007168
YOL017W,0.969780170856,0.953009135454,0.99382129691
YOL028C,0.964868351229,0.973196106541,0.99758452812
YOL041C,0.667288812654,0.737520306109,0.847164563977
YOL042W,0.96786960529,0.962241745587,1.01271113368
YOL043C,1.00566665157,1.01165124014,1.01431626728
YOL045W,0.995411821054,0.988221836637,1.01882838602
YOL063C,1.04176867539,1.03177469356,1.00003884968
YOL080C,0.943483699806,1.08463239902,0.962592940849
YOL087C,1.13839573708,1.1399190615,1.05519431893
YOL089C,0.918400115264,0.963447448875,0.981504699484
YOL090W,0.960923784012,0.944355497394,0.91214507554
YOL104C,1.03009749772,0.964503331358,0.991917350307
YOL111C,1.00800814567,1.00314056005,1.01481630767
YOL113W,1.10317302967,1.09397420148,1.12959211035
YOL115W,1.01389832428,1.00289490853,0.974525169938
YOL116W,1.01194614747,1.09215080554,0.975657350624
YOL117W,0.994110314536,1.00088534947,1.07457587161
YOL159C,0.960730725591,0.937413508897,1.02539969373
YOR001W,0.770140549546,0.833344053989,0.861904194962
YOR005C,0.76036821969,0.777561151517,1.10070163607
YOR007C,0.950779925146,0.978262960987,0.995577318003
YOR014W,0.639236402153,0.767687647646,0.931655039672
YOR023C,1.03530996984,1.05299514198,1.00623045774
YOR025W,0.954637224936,0.971892293581,0.979678151581
YOR027W,0.970377842612,0.987949776735,0.971920304531
YOR028C,1.00675642107,1.00836264729,1.00205789167
YOR032C,0.972087517365,1.0050327787,0.989263356014
YOR033C,0.987479095366,1.00168912701,0.865855102727
YOR038C,0.852667711873,0.891889361047,0.946073527802
YOR039W,0.885141986738,0.810098733502,0.884209896285
YOR047C,0.978986507905,0.966013589767,1.01358974306
YOR058C,1.02717896256,1.00762889662,1.03491911597
YOR061W,0.614999635615,0.716777649502,0.844122984835
YOR064C,1.0119156048,1.00257483994,0.994212434283
YOR090C,0.967663324189,0.985446792277,1.00571451009
YOR091W,0.877170518982,0.897602010074,0.934396997273
YOR112W,0.993833670152,0.987895806852,0.952612927342
YOR124C,0.884636094427,0.90732561222,0.928042456275
YOR141C,0.540220355265,0.416436481854,0.671564229373
YOR144C,0.87184796468,0.851102333892,0.858575304295
YOR162C,1.02297107191,1.01194284477,1.05840129878
YOR171C,0.993918716855,1.01625406285,0.996137038911
YOR172W,0.971974173855,1.00777360881,1.12349159578
YOR185C,1.05188373632,0.990860030551,1.01826572267
YOR189W,0.868830951986,0.877562493443,0.966337609026
YOR195W,0.973571344123,0.997343565277,1.00905532716
YOR197W,0.99350842485,1.03910463911,1.08126138184
YOR209C,0.966200171728,0.9927005178815,0.9470984744185
YOR213C,0.98531818606,1.00354793902,1.05565974969
YOR229W,1.00640341453,0.998370825861,0.899918656304
YOR230W,0.978811979194,1.02018739226,0.96099812182
YOR231W,0.998531991677,0.995524868047,1.10305448136
YOR233W,1.02504430584,0.974368097264,0.964437849812
YOR243C,0.878864801569,0.879593056085,0.838645655422
YOR258W,0.857148379169,0.843332365312,0.956985333457
YOR279C,0.933937631744,0.92487896535,0.954596089252
YOR290C,0.632439908618,0.715319080937,0.666035406472
YOR295W,0.68352381092,0.706414205468,0.796831259868
YOR313C,0.970299590445,0.96015148803,0.986068316813
YOR315W,0.988087939115,0.998561799969,0.983551779513
YOR330C,0.945421045528,0.787584762572,0.796266903269
YOR337W,1.04690417266,1.02608971223,0.985732265979
YOR339C,1.00490545601,1.00627329414,1.00965158061
YOR344C,0.906647559464,0.829018577475,1.08829256931
YOR351C,1.01227033146,0.989347249209,1.00760142973
YOR354C,1.02371431596,0.977283466031,0.979602351773
YOR358W,1.03534252531,0.804604392316,0.914362160585
YOR368W,0.995395439959,0.998281022816,1.01516985264
YOR380W,1.01251514337,1.00324067262,1.00525139289
YOR386W,1.01852799704,1.04467281874,1.01518572717
YPL001W,1.0061910831,1.01443515043,0.951145743514
YPL003W,1.02155238351,1.01125049605,1.18552130208
YPL008W,0.788624411653,0.76572149191,0.683142983822
YPL015C,0.982681149031,1.0170165685,1.01053591037
YPL018W,0.731989722026,0.7371456184,0.78594809942
YPL021W,1.00547050082,0.992750043381,1.0783492617
YPL022W,0.93322346923,0.941032638023,0.996644277616
YPL024W,0.817796768521,0.827507003033,0.786691439112
YPL031C,0.482978200464,0.432701407624,0.584051025432
YPL033C,0.989903069732,1.01618572956,1.03789653549
YPL037C,0.883737566668,0.831035187423,0.906004401796
YPL046C,0.901802130883,0.97900781361,1.13202244979
YPL047W,0.867443305381,0.828692007474,0.913966507348
YPL049C,0.973999005511,1.01834706279,1.02573658081
YPL054W,0.97085950565,0.98218979017,0.987392087927
YPL055C,0.752572724616,0.810763391286,0.79071051682
YPL064C,0.979160413616,0.985400412444,0.998997202237
YPL072W,0.941560380674,0.997036701373,1.00703480338
YPL084W,0.915325684633,0.570475823276,0.945604999644
YPL089C,0.922736308943,0.906805154491,0.997739193168
YPL096C-A,1.00762574051,0.982158833794,1.04661364919
YPL101W,0.543357864923,0.667050553438,0.800136293999
YPL109C,0.992429163259,0.99200611234,1.02867594895
YPL116W,0.933002038882,0.959685974051,1.04031291966
YPL119C,0.771561727409,0.799930437225,1.07893999727
YPL123C,0.821988532037,0.874338632903,1.06414932527
YPL125W,0.774638355977,0.752273076571,1.08371347328
YPL127C,0.805288578136,0.823391060198,0.941754520856
YPL133C,0.974848263733,0.962270005947,0.998553846948
YPL139C,0.946578952457,0.962439566642,0.962366935073
YPL140C,1.03855808129,1.0468736097,1.07591097844
YPL144W,0.668646633487,0.597387694261,0.851610685327
YPL150W,0.960851178349,0.983913438419,1.01427035397
YPL154C,0.750627411226,0.901654541542,1.08188212589
YPL157W,0.924101076203,1.09498165662,1.02222067142
YPL164C,1.00496053507,0.997977646029,1.0777032107
YPL167C,0.952112361103,0.983099075005,1.05730958701
YPL176C,1.0622746113,1.03143888948,0.988126414888
YPL177C,1.042646409,0.988123421537,1.04835826753
YPL179W,0.951368532293,0.93107602814,1.0753561911
YPL180W,0.738406303708,0.706958915163,0.907572467254
YPL181W,0.868508138734,0.884182976649,0.964675906213
YPL184C,0.929796124113,0.922861615339,1.01574346246
YPL186C,1.02598291098,1.06227745034,1.04094886984
YPL192C,1.01930556781,1.03316999709,1.04017960865
YPL193W,0.406920168134,0.61805658049,0.604013292661
YPL202C,1.03003795,0.927023940984,1.03554333921
YPL203W,1.07000146643,1.03737695938,1.00922213556
YPL212C,0.980821904939,0.936790384907,1.00539478325
YPL213W,0.983356833857,0.949025467021,0.976073101714
YPL216W,0.844637714459,0.922842563322,1.04702980764
YPL219W,0.970858347169,0.994104109779,1.02237343505
YPL226W,0.720968808914,0.869787401416,0.924168914772
YPL230W,0.923711854206,0.917892727393,1.03905200056
YPL241C,0.982963022702,1.0261215767,1.01454638423
YPL247C,1.07547360949,1.05328985345,1.05861468816
YPL248C,0.867363937469,0.954154556757,1.06114684439
YPL253C,1.02895484175,0.968140994932,1.00888979535
YPL256C,0.904194033344,0.922410887339,0.979456964921
YPL260W,1.00913886466,1.01462859564,1.02396885952
YPL267W,0.954665811772,0.962418114563,1.01016460109
YPL268W,0.970940603787,1.00128107313,0.985978192933
YPR007C,1.00936191242,1.00973757583,1.01840429491
YPR008W,1.03055492855,0.973258204031,1.01687269765
YPR009W,1.01406166331,0.97320973846,1.01023734006
YPR015C,1.02063380426,0.993174736235,1.01960275124
YPR022C,0.979790415873,0.9443041485,0.966240134033
YPR023C,0.817774133542,0.814323020868,0.883069641548
YPR030W,0.999037545293,1.02201538186,1.01350401001
YPR031W,1.01742724364,0.990805153478,1.02126330151
YPR040W,0.993604497557,0.929873617097,1.02008637425
YPR042C,1.02627994953,0.947464593193,1.04249192955
YPR046W,0.830864699226,0.853578212335,0.893913042317
YPR054W,0.989090568916,1.00305220265,0.997108466057
YPR065W,0.965447077486,1.05593756541,0.97455165951
YPR068C,1.04751273941,0.991352116224,1.0206339993
YPR073C,1.00811464601,0.976168412856,0.989125262773
YPR075C,1.02094923878,0.991399094172,1.02162483863
YPR078C,1.00867532897,1.01081539921,1.00544167191
YPR093C,1.03223193694,1.03254439321,1.03809859708
YPR101W,0.701907548948,0.718890595998,0.672140684002
YPR119W,0.717008753054,0.766911024436,0.91348988985
YPR120C,0.858362166234,0.893356410329,0.903944160611
YPR125W,1.04576204685,1.02050801837,1.02323838108
YPR135W,0.547328433214,0.57590238352,0.619483720172
YPR141C,0.665200690552,0.714151577962,0.7670597361015
YPR149W,0.957149925707,1.00282534783,0.961683018905
YPR152C,0.976442320418,0.946479011479,0.980327157759
YPR155C,0.942322672767,0.993192447577,0.95609007024
YPR160W,0.98119157672,0.772380994533,0.876871034
YPR164W,0.820093901368,0.802935738815,0.897830755858
YPR171W,0.978579480401,0.937975098806,1.0121392589
YPR173C,0.863158154928,0.617773865133,0.819396995878
YPR174C,0.979853085182,0.944555576865,0.995068651218
YPR179C,0.743128743145,0.823221399298,0.855808205725
YPR189W,0.815360172565,0.867953785758,0.827063722105
YPR199C,0.956513705029,0.97850125757,1.02940938441
